fuel,mean_carbon_intensity,median_carbon_intensity,mean_capacity_factor,median_capacity_factor,mean_om_cost
coal,0.9204324324324323,0.9204324324324324,0.4821455028438456,0.4958892386506245,5.0
gas,0.40391999999999995,0.40392,0.38068461092337286,0.3955421825970955,4.0
oil,0.7621714285714285,0.7621714285714286,0.14531224015130736,0.1562851530269719,7.0
